scope,object,config_id,day,detector_score,sensitivity_group,changed_factor,changed_value,input_source,smoothed_fields_path,bootstrap_status
Je_only,Je,SMOOTH5_MATCH_RADIUS_1_4_7,12,3.072751860568545,smooth5_bootstrap_match_radius,strict_match/match/near,1/4/7,smooth5,D:\easm_project01\foundation\V1\outputs\baseline_smooth5_a\preprocess\smoothed_fields.npz,run
Je_only,Je,SMOOTH5_MATCH_RADIUS_1_4_7,13,3.0858806163812345,smooth5_bootstrap_match_radius,strict_match/match/near,1/4/7,smooth5,D:\easm_project01\foundation\V1\outputs\baseline_smooth5_a\preprocess\smoothed_fields.npz,run
Je_only,Je,SMOOTH5_MATCH_RADIUS_1_4_7,14,3.175574085723989,smooth5_bootstrap_match_radius,strict_match/match/near,1/4/7,smooth5,D:\easm_project01\foundation\V1\outputs\baseline_smooth5_a\preprocess\smoothed_fields.npz,run
Je_only,Je,SMOOTH5_MATCH_RADIUS_1_4_7,15,3.4110585485125573,smooth5_bootstrap_match_radius,strict_match/match/near,1/4/7,smooth5,D:\easm_project01\foundation\V1\outputs\baseline_smooth5_a\preprocess\smoothed_fields.npz,run
Je_only,Je,SMOOTH5_MATCH_RADIUS_1_4_7,16,3.76959664123856,smooth5_bootstrap_match_radius,strict_match/match/near,1/4/7,smooth5,D:\easm_project01\foundation\V1\outputs\baseline_smooth5_a\preprocess\smoothed_fields.npz,run
Je_only,Je,SMOOTH5_MATCH_RADIUS_1_4_7,17,4.143062064236919,smooth5_bootstrap_match_radius,strict_match/match/near,1/4/7,smooth5,D:\easm_project01\foundation\V1\outputs\baseline_smooth5_a\preprocess\smoothed_fields.npz,run
Je_only,Je,SMOOTH5_MATCH_RADIUS_1_4_7,18,4.33063661303579,smooth5_bootstrap_match_radius,strict_match/match/near,1/4/7,smooth5,D:\easm_project01\foundation\V1\outputs\baseline_smooth5_a\preprocess\smoothed_fields.npz,run
Je_only,Je,SMOOTH5_MATCH_RADIUS_1_4_7,19,4.251066243653661,smooth5_bootstrap_match_radius,strict_match/match/near,1/4/7,smooth5,D:\easm_project01\foundation\V1\outputs\baseline_smooth5_a\preprocess\smoothed_fields.npz,run
Je_only,Je,SMOOTH5_MATCH_RADIUS_1_4_7,20,4.161134162875345,smooth5_bootstrap_match_radius,strict_match/match/near,1/4/7,smooth5,D:\easm_project01\foundation\V1\outputs\baseline_smooth5_a\preprocess\smoothed_fields.npz,run
Je_only,Je,SMOOTH5_MATCH_RADIUS_1_4_7,21,4.297971400106674,smooth5_bootstrap_match_radius,strict_match/match/near,1/4/7,smooth5,D:\easm_project01\foundation\V1\outputs\baseline_smooth5_a\preprocess\smoothed_fields.npz,run
Je_only,Je,SMOOTH5_MATCH_RADIUS_1_4_7,22,4.718643961133253,smooth5_bootstrap_match_radius,strict_match/match/near,1/4/7,smooth5,D:\easm_project01\foundation\V1\outputs\baseline_smooth5_a\preprocess\smoothed_fields.npz,run
Je_only,Je,SMOOTH5_MATCH_RADIUS_1_4_7,23,5.37541498982409,smooth5_bootstrap_match_radius,strict_match/match/near,1/4/7,smooth5,D:\easm_project01\foundation\V1\outputs\baseline_smooth5_a\preprocess\smoothed_fields.npz,run
Je_only,Je,SMOOTH5_MATCH_RADIUS_1_4_7,24,6.083501496797705,smooth5_bootstrap_match_radius,strict_match/match/near,1/4/7,smooth5,D:\easm_project01\foundation\V1\outputs\baseline_smooth5_a\preprocess\smoothed_fields.npz,run
Je_only,Je,SMOOTH5_MATCH_RADIUS_1_4_7,25,6.560368847982908,smooth5_bootstrap_match_radius,strict_match/match/near,1/4/7,smooth5,D:\easm_project01\foundation\V1\outputs\baseline_smooth5_a\preprocess\smoothed_fields.npz,run
Je_only,Je,SMOOTH5_MATCH_RADIUS_1_4_7,26,6.6822926075612825,smooth5_bootstrap_match_radius,strict_match/match/near,1/4/7,smooth5,D:\easm_project01\foundation\V1\outputs\baseline_smooth5_a\preprocess\smoothed_fields.npz,run
Je_only,Je,SMOOTH5_MATCH_RADIUS_1_4_7,27,6.458226689313216,smooth5_bootstrap_match_radius,strict_match/match/near,1/4/7,smooth5,D:\easm_project01\foundation\V1\outputs\baseline_smooth5_a\preprocess\smoothed_fields.npz,run
Je_only,Je,SMOOTH5_MATCH_RADIUS_1_4_7,28,5.9846769252754255,smooth5_bootstrap_match_radius,strict_match/match/near,1/4/7,smooth5,D:\easm_project01\foundation\V1\outputs\baseline_smooth5_a\preprocess\smoothed_fields.npz,run
Je_only,Je,SMOOTH5_MATCH_RADIUS_1_4_7,29,5.524501733727897,smooth5_bootstrap_match_radius,strict_match/match/near,1/4/7,smooth5,D:\easm_project01\foundation\V1\outputs\baseline_smooth5_a\preprocess\smoothed_fields.npz,run
Je_only,Je,SMOOTH5_MATCH_RADIUS_1_4_7,30,5.346824056433781,smooth5_bootstrap_match_radius,strict_match/match/near,1/4/7,smooth5,D:\easm_project01\foundation\V1\outputs\baseline_smooth5_a\preprocess\smoothed_fields.npz,run
Je_only,Je,SMOOTH5_MATCH_RADIUS_1_4_7,31,5.549348360144005,smooth5_bootstrap_match_radius,strict_match/match/near,1/4/7,smooth5,D:\easm_project01\foundation\V1\outputs\baseline_smooth5_a\preprocess\smoothed_fields.npz,run
Je_only,Je,SMOOTH5_MATCH_RADIUS_1_4_7,32,6.159118372576834,smooth5_bootstrap_match_radius,strict_match/match/near,1/4/7,smooth5,D:\easm_project01\foundation\V1\outputs\baseline_smooth5_a\preprocess\smoothed_fields.npz,run
Je_only,Je,SMOOTH5_MATCH_RADIUS_1_4_7,33,6.84724753918779,smooth5_bootstrap_match_radius,strict_match/match/near,1/4/7,smooth5,D:\easm_project01\foundation\V1\outputs\baseline_smooth5_a\preprocess\smoothed_fields.npz,run
Je_only,Je,SMOOTH5_MATCH_RADIUS_1_4_7,34,6.990570539927465,smooth5_bootstrap_match_radius,strict_match/match/near,1/4/7,smooth5,D:\easm_project01\foundation\V1\outputs\baseline_smooth5_a\preprocess\smoothed_fields.npz,run
Je_only,Je,SMOOTH5_MATCH_RADIUS_1_4_7,35,6.515619415152264,smooth5_bootstrap_match_radius,strict_match/match/near,1/4/7,smooth5,D:\easm_project01\foundation\V1\outputs\baseline_smooth5_a\preprocess\smoothed_fields.npz,run
Je_only,Je,SMOOTH5_MATCH_RADIUS_1_4_7,36,5.511934894550892,smooth5_bootstrap_match_radius,strict_match/match/near,1/4/7,smooth5,D:\easm_project01\foundation\V1\outputs\baseline_smooth5_a\preprocess\smoothed_fields.npz,run
Je_only,Je,SMOOTH5_MATCH_RADIUS_1_4_7,37,4.237355229809743,smooth5_bootstrap_match_radius,strict_match/match/near,1/4/7,smooth5,D:\easm_project01\foundation\V1\outputs\baseline_smooth5_a\preprocess\smoothed_fields.npz,run
Je_only,Je,SMOOTH5_MATCH_RADIUS_1_4_7,38,3.1581110078648607,smooth5_bootstrap_match_radius,strict_match/match/near,1/4/7,smooth5,D:\easm_project01\foundation\V1\outputs\baseline_smooth5_a\preprocess\smoothed_fields.npz,run
Je_only,Je,SMOOTH5_MATCH_RADIUS_1_4_7,39,2.6709192342949173,smooth5_bootstrap_match_radius,strict_match/match/near,1/4/7,smooth5,D:\easm_project01\foundation\V1\outputs\baseline_smooth5_a\preprocess\smoothed_fields.npz,run
Je_only,Je,SMOOTH5_MATCH_RADIUS_1_4_7,40,3.310123255091071,smooth5_bootstrap_match_radius,strict_match/match/near,1/4/7,smooth5,D:\easm_project01\foundation\V1\outputs\baseline_smooth5_a\preprocess\smoothed_fields.npz,run
Je_only,Je,SMOOTH5_MATCH_RADIUS_1_4_7,41,5.1709660388301195,smooth5_bootstrap_match_radius,strict_match/match/near,1/4/7,smooth5,D:\easm_project01\foundation\V1\outputs\baseline_smooth5_a\preprocess\smoothed_fields.npz,run
Je_only,Je,SMOOTH5_MATCH_RADIUS_1_4_7,42,7.814947461212519,smooth5_bootstrap_match_radius,strict_match/match/near,1/4/7,smooth5,D:\easm_project01\foundation\V1\outputs\baseline_smooth5_a\preprocess\smoothed_fields.npz,run
Je_only,Je,SMOOTH5_MATCH_RADIUS_1_4_7,43,10.684644464084641,smooth5_bootstrap_match_radius,strict_match/match/near,1/4/7,smooth5,D:\easm_project01\foundation\V1\outputs\baseline_smooth5_a\preprocess\smoothed_fields.npz,run
Je_only,Je,SMOOTH5_MATCH_RADIUS_1_4_7,44,12.648291349012744,smooth5_bootstrap_match_radius,strict_match/match/near,1/4/7,smooth5,D:\easm_project01\foundation\V1\outputs\baseline_smooth5_a\preprocess\smoothed_fields.npz,run
Je_only,Je,SMOOTH5_MATCH_RADIUS_1_4_7,45,13.584307140908539,smooth5_bootstrap_match_radius,strict_match/match/near,1/4/7,smooth5,D:\easm_project01\foundation\V1\outputs\baseline_smooth5_a\preprocess\smoothed_fields.npz,run
Je_only,Je,SMOOTH5_MATCH_RADIUS_1_4_7,46,13.666413880755227,smooth5_bootstrap_match_radius,strict_match/match/near,1/4/7,smooth5,D:\easm_project01\foundation\V1\outputs\baseline_smooth5_a\preprocess\smoothed_fields.npz,run
Je_only,Je,SMOOTH5_MATCH_RADIUS_1_4_7,47,12.645219751144282,smooth5_bootstrap_match_radius,strict_match/match/near,1/4/7,smooth5,D:\easm_project01\foundation\V1\outputs\baseline_smooth5_a\preprocess\smoothed_fields.npz,run
Je_only,Je,SMOOTH5_MATCH_RADIUS_1_4_7,48,10.963939274832157,smooth5_bootstrap_match_radius,strict_match/match/near,1/4/7,smooth5,D:\easm_project01\foundation\V1\outputs\baseline_smooth5_a\preprocess\smoothed_fields.npz,run
Je_only,Je,SMOOTH5_MATCH_RADIUS_1_4_7,49,9.2430038734563,smooth5_bootstrap_match_radius,strict_match/match/near,1/4/7,smooth5,D:\easm_project01\foundation\V1\outputs\baseline_smooth5_a\preprocess\smoothed_fields.npz,run
Je_only,Je,SMOOTH5_MATCH_RADIUS_1_4_7,50,7.346493232435973,smooth5_bootstrap_match_radius,strict_match/match/near,1/4/7,smooth5,D:\easm_project01\foundation\V1\outputs\baseline_smooth5_a\preprocess\smoothed_fields.npz,run
Je_only,Je,SMOOTH5_MATCH_RADIUS_1_4_7,51,5.700059634452003,smooth5_bootstrap_match_radius,strict_match/match/near,1/4/7,smooth5,D:\easm_project01\foundation\V1\outputs\baseline_smooth5_a\preprocess\smoothed_fields.npz,run
Je_only,Je,SMOOTH5_MATCH_RADIUS_1_4_7,52,4.610029901492588,smooth5_bootstrap_match_radius,strict_match/match/near,1/4/7,smooth5,D:\easm_project01\foundation\V1\outputs\baseline_smooth5_a\preprocess\smoothed_fields.npz,run
Je_only,Je,SMOOTH5_MATCH_RADIUS_1_4_7,53,4.026552625073464,smooth5_bootstrap_match_radius,strict_match/match/near,1/4/7,smooth5,D:\easm_project01\foundation\V1\outputs\baseline_smooth5_a\preprocess\smoothed_fields.npz,run
Je_only,Je,SMOOTH5_MATCH_RADIUS_1_4_7,54,3.8306883420948505,smooth5_bootstrap_match_radius,strict_match/match/near,1/4/7,smooth5,D:\easm_project01\foundation\V1\outputs\baseline_smooth5_a\preprocess\smoothed_fields.npz,run
Je_only,Je,SMOOTH5_MATCH_RADIUS_1_4_7,55,3.7287294289481414,smooth5_bootstrap_match_radius,strict_match/match/near,1/4/7,smooth5,D:\easm_project01\foundation\V1\outputs\baseline_smooth5_a\preprocess\smoothed_fields.npz,run
Je_only,Je,SMOOTH5_MATCH_RADIUS_1_4_7,56,3.6048962616900972,smooth5_bootstrap_match_radius,strict_match/match/near,1/4/7,smooth5,D:\easm_project01\foundation\V1\outputs\baseline_smooth5_a\preprocess\smoothed_fields.npz,run
Je_only,Je,SMOOTH5_MATCH_RADIUS_1_4_7,57,3.53752184492358,smooth5_bootstrap_match_radius,strict_match/match/near,1/4/7,smooth5,D:\easm_project01\foundation\V1\outputs\baseline_smooth5_a\preprocess\smoothed_fields.npz,run
Je_only,Je,SMOOTH5_MATCH_RADIUS_1_4_7,58,3.4747154852491846,smooth5_bootstrap_match_radius,strict_match/match/near,1/4/7,smooth5,D:\easm_project01\foundation\V1\outputs\baseline_smooth5_a\preprocess\smoothed_fields.npz,run
Je_only,Je,SMOOTH5_MATCH_RADIUS_1_4_7,59,3.3185741125127337,smooth5_bootstrap_match_radius,strict_match/match/near,1/4/7,smooth5,D:\easm_project01\foundation\V1\outputs\baseline_smooth5_a\preprocess\smoothed_fields.npz,run
Je_only,Je,SMOOTH5_MATCH_RADIUS_1_4_7,60,3.2194178976120225,smooth5_bootstrap_match_radius,strict_match/match/near,1/4/7,smooth5,D:\easm_project01\foundation\V1\outputs\baseline_smooth5_a\preprocess\smoothed_fields.npz,run
Je_only,Je,SMOOTH5_MATCH_RADIUS_1_4_7,61,3.105310813006816,smooth5_bootstrap_match_radius,strict_match/match/near,1/4/7,smooth5,D:\easm_project01\foundation\V1\outputs\baseline_smooth5_a\preprocess\smoothed_fields.npz,run
Je_only,Je,SMOOTH5_MATCH_RADIUS_1_4_7,62,3.021648460687686,smooth5_bootstrap_match_radius,strict_match/match/near,1/4/7,smooth5,D:\easm_project01\foundation\V1\outputs\baseline_smooth5_a\preprocess\smoothed_fields.npz,run
Je_only,Je,SMOOTH5_MATCH_RADIUS_1_4_7,63,3.025114285859906,smooth5_bootstrap_match_radius,strict_match/match/near,1/4/7,smooth5,D:\easm_project01\foundation\V1\outputs\baseline_smooth5_a\preprocess\smoothed_fields.npz,run
Je_only,Je,SMOOTH5_MATCH_RADIUS_1_4_7,64,3.14876816538511,smooth5_bootstrap_match_radius,strict_match/match/near,1/4/7,smooth5,D:\easm_project01\foundation\V1\outputs\baseline_smooth5_a\preprocess\smoothed_fields.npz,run
Je_only,Je,SMOOTH5_MATCH_RADIUS_1_4_7,65,3.2438019133464824,smooth5_bootstrap_match_radius,strict_match/match/near,1/4/7,smooth5,D:\easm_project01\foundation\V1\outputs\baseline_smooth5_a\preprocess\smoothed_fields.npz,run
Je_only,Je,SMOOTH5_MATCH_RADIUS_1_4_7,66,3.2776939125164057,smooth5_bootstrap_match_radius,strict_match/match/near,1/4/7,smooth5,D:\easm_project01\foundation\V1\outputs\baseline_smooth5_a\preprocess\smoothed_fields.npz,run
Je_only,Je,SMOOTH5_MATCH_RADIUS_1_4_7,67,3.3346343510775096,smooth5_bootstrap_match_radius,strict_match/match/near,1/4/7,smooth5,D:\easm_project01\foundation\V1\outputs\baseline_smooth5_a\preprocess\smoothed_fields.npz,run
Je_only,Je,SMOOTH5_MATCH_RADIUS_1_4_7,68,3.458294686814939,smooth5_bootstrap_match_radius,strict_match/match/near,1/4/7,smooth5,D:\easm_project01\foundation\V1\outputs\baseline_smooth5_a\preprocess\smoothed_fields.npz,run
Je_only,Je,SMOOTH5_MATCH_RADIUS_1_4_7,69,3.641384325139316,smooth5_bootstrap_match_radius,strict_match/match/near,1/4/7,smooth5,D:\easm_project01\foundation\V1\outputs\baseline_smooth5_a\preprocess\smoothed_fields.npz,run
Je_only,Je,SMOOTH5_MATCH_RADIUS_1_4_7,70,3.840312033792989,smooth5_bootstrap_match_radius,strict_match/match/near,1/4/7,smooth5,D:\easm_project01\foundation\V1\outputs\baseline_smooth5_a\preprocess\smoothed_fields.npz,run
Je_only,Je,SMOOTH5_MATCH_RADIUS_1_4_7,71,4.026243823242053,smooth5_bootstrap_match_radius,strict_match/match/near,1/4/7,smooth5,D:\easm_project01\foundation\V1\outputs\baseline_smooth5_a\preprocess\smoothed_fields.npz,run
Je_only,Je,SMOOTH5_MATCH_RADIUS_1_4_7,72,4.225257886003167,smooth5_bootstrap_match_radius,strict_match/match/near,1/4/7,smooth5,D:\easm_project01\foundation\V1\outputs\baseline_smooth5_a\preprocess\smoothed_fields.npz,run
Je_only,Je,SMOOTH5_MATCH_RADIUS_1_4_7,73,4.485939704995676,smooth5_bootstrap_match_radius,strict_match/match/near,1/4/7,smooth5,D:\easm_project01\foundation\V1\outputs\baseline_smooth5_a\preprocess\smoothed_fields.npz,run
Je_only,Je,SMOOTH5_MATCH_RADIUS_1_4_7,74,4.847350490312506,smooth5_bootstrap_match_radius,strict_match/match/near,1/4/7,smooth5,D:\easm_project01\foundation\V1\outputs\baseline_smooth5_a\preprocess\smoothed_fields.npz,run
Je_only,Je,SMOOTH5_MATCH_RADIUS_1_4_7,75,5.264381614074738,smooth5_bootstrap_match_radius,strict_match/match/near,1/4/7,smooth5,D:\easm_project01\foundation\V1\outputs\baseline_smooth5_a\preprocess\smoothed_fields.npz,run
Je_only,Je,SMOOTH5_MATCH_RADIUS_1_4_7,76,5.6841033379362145,smooth5_bootstrap_match_radius,strict_match/match/near,1/4/7,smooth5,D:\easm_project01\foundation\V1\outputs\baseline_smooth5_a\preprocess\smoothed_fields.npz,run
Je_only,Je,SMOOTH5_MATCH_RADIUS_1_4_7,77,5.9567237446454016,smooth5_bootstrap_match_radius,strict_match/match/near,1/4/7,smooth5,D:\easm_project01\foundation\V1\outputs\baseline_smooth5_a\preprocess\smoothed_fields.npz,run
Je_only,Je,SMOOTH5_MATCH_RADIUS_1_4_7,78,6.086808007890182,smooth5_bootstrap_match_radius,strict_match/match/near,1/4/7,smooth5,D:\easm_project01\foundation\V1\outputs\baseline_smooth5_a\preprocess\smoothed_fields.npz,run
Je_only,Je,SMOOTH5_MATCH_RADIUS_1_4_7,79,6.055972124139658,smooth5_bootstrap_match_radius,strict_match/match/near,1/4/7,smooth5,D:\easm_project01\foundation\V1\outputs\baseline_smooth5_a\preprocess\smoothed_fields.npz,run
Je_only,Je,SMOOTH5_MATCH_RADIUS_1_4_7,80,5.888253270679438,smooth5_bootstrap_match_radius,strict_match/match/near,1/4/7,smooth5,D:\easm_project01\foundation\V1\outputs\baseline_smooth5_a\preprocess\smoothed_fields.npz,run
Je_only,Je,SMOOTH5_MATCH_RADIUS_1_4_7,81,5.73884310542728,smooth5_bootstrap_match_radius,strict_match/match/near,1/4/7,smooth5,D:\easm_project01\foundation\V1\outputs\baseline_smooth5_a\preprocess\smoothed_fields.npz,run
Je_only,Je,SMOOTH5_MATCH_RADIUS_1_4_7,82,5.742401352372628,smooth5_bootstrap_match_radius,strict_match/match/near,1/4/7,smooth5,D:\easm_project01\foundation\V1\outputs\baseline_smooth5_a\preprocess\smoothed_fields.npz,run
Je_only,Je,SMOOTH5_MATCH_RADIUS_1_4_7,83,5.858377343245901,smooth5_bootstrap_match_radius,strict_match/match/near,1/4/7,smooth5,D:\easm_project01\foundation\V1\outputs\baseline_smooth5_a\preprocess\smoothed_fields.npz,run
Je_only,Je,SMOOTH5_MATCH_RADIUS_1_4_7,84,5.960021040717298,smooth5_bootstrap_match_radius,strict_match/match/near,1/4/7,smooth5,D:\easm_project01\foundation\V1\outputs\baseline_smooth5_a\preprocess\smoothed_fields.npz,run
Je_only,Je,SMOOTH5_MATCH_RADIUS_1_4_7,85,5.954157638757887,smooth5_bootstrap_match_radius,strict_match/match/near,1/4/7,smooth5,D:\easm_project01\foundation\V1\outputs\baseline_smooth5_a\preprocess\smoothed_fields.npz,run
Je_only,Je,SMOOTH5_MATCH_RADIUS_1_4_7,86,5.992628485879372,smooth5_bootstrap_match_radius,strict_match/match/near,1/4/7,smooth5,D:\easm_project01\foundation\V1\outputs\baseline_smooth5_a\preprocess\smoothed_fields.npz,run
Je_only,Je,SMOOTH5_MATCH_RADIUS_1_4_7,87,6.161547382947576,smooth5_bootstrap_match_radius,strict_match/match/near,1/4/7,smooth5,D:\easm_project01\foundation\V1\outputs\baseline_smooth5_a\preprocess\smoothed_fields.npz,run
Je_only,Je,SMOOTH5_MATCH_RADIUS_1_4_7,88,6.421587169279829,smooth5_bootstrap_match_radius,strict_match/match/near,1/4/7,smooth5,D:\easm_project01\foundation\V1\outputs\baseline_smooth5_a\preprocess\smoothed_fields.npz,run
Je_only,Je,SMOOTH5_MATCH_RADIUS_1_4_7,89,6.792213904634084,smooth5_bootstrap_match_radius,strict_match/match/near,1/4/7,smooth5,D:\easm_project01\foundation\V1\outputs\baseline_smooth5_a\preprocess\smoothed_fields.npz,run
Je_only,Je,SMOOTH5_MATCH_RADIUS_1_4_7,90,7.18014558558062,smooth5_bootstrap_match_radius,strict_match/match/near,1/4/7,smooth5,D:\easm_project01\foundation\V1\outputs\baseline_smooth5_a\preprocess\smoothed_fields.npz,run
Je_only,Je,SMOOTH5_MATCH_RADIUS_1_4_7,91,7.338271192726849,smooth5_bootstrap_match_radius,strict_match/match/near,1/4/7,smooth5,D:\easm_project01\foundation\V1\outputs\baseline_smooth5_a\preprocess\smoothed_fields.npz,run
Je_only,Je,SMOOTH5_MATCH_RADIUS_1_4_7,92,7.279810261605494,smooth5_bootstrap_match_radius,strict_match/match/near,1/4/7,smooth5,D:\easm_project01\foundation\V1\outputs\baseline_smooth5_a\preprocess\smoothed_fields.npz,run
Je_only,Je,SMOOTH5_MATCH_RADIUS_1_4_7,93,7.215283667142092,smooth5_bootstrap_match_radius,strict_match/match/near,1/4/7,smooth5,D:\easm_project01\foundation\V1\outputs\baseline_smooth5_a\preprocess\smoothed_fields.npz,run
Je_only,Je,SMOOTH5_MATCH_RADIUS_1_4_7,94,7.287058196798285,smooth5_bootstrap_match_radius,strict_match/match/near,1/4/7,smooth5,D:\easm_project01\foundation\V1\outputs\baseline_smooth5_a\preprocess\smoothed_fields.npz,run
Je_only,Je,SMOOTH5_MATCH_RADIUS_1_4_7,95,7.59521674217432,smooth5_bootstrap_match_radius,strict_match/match/near,1/4/7,smooth5,D:\easm_project01\foundation\V1\outputs\baseline_smooth5_a\preprocess\smoothed_fields.npz,run
Je_only,Je,SMOOTH5_MATCH_RADIUS_1_4_7,96,7.813835993714031,smooth5_bootstrap_match_radius,strict_match/match/near,1/4/7,smooth5,D:\easm_project01\foundation\V1\outputs\baseline_smooth5_a\preprocess\smoothed_fields.npz,run
Je_only,Je,SMOOTH5_MATCH_RADIUS_1_4_7,97,7.937714814817685,smooth5_bootstrap_match_radius,strict_match/match/near,1/4/7,smooth5,D:\easm_project01\foundation\V1\outputs\baseline_smooth5_a\preprocess\smoothed_fields.npz,run
Je_only,Je,SMOOTH5_MATCH_RADIUS_1_4_7,98,7.950702006233788,smooth5_bootstrap_match_radius,strict_match/match/near,1/4/7,smooth5,D:\easm_project01\foundation\V1\outputs\baseline_smooth5_a\preprocess\smoothed_fields.npz,run
Je_only,Je,SMOOTH5_MATCH_RADIUS_1_4_7,99,7.691424580157241,smooth5_bootstrap_match_radius,strict_match/match/near,1/4/7,smooth5,D:\easm_project01\foundation\V1\outputs\baseline_smooth5_a\preprocess\smoothed_fields.npz,run
Je_only,Je,SMOOTH5_MATCH_RADIUS_1_4_7,100,7.388195179718666,smooth5_bootstrap_match_radius,strict_match/match/near,1/4/7,smooth5,D:\easm_project01\foundation\V1\outputs\baseline_smooth5_a\preprocess\smoothed_fields.npz,run
Je_only,Je,SMOOTH5_MATCH_RADIUS_1_4_7,101,7.65444691616949,smooth5_bootstrap_match_radius,strict_match/match/near,1/4/7,smooth5,D:\easm_project01\foundation\V1\outputs\baseline_smooth5_a\preprocess\smoothed_fields.npz,run
Je_only,Je,SMOOTH5_MATCH_RADIUS_1_4_7,102,8.500149623895599,smooth5_bootstrap_match_radius,strict_match/match/near,1/4/7,smooth5,D:\easm_project01\foundation\V1\outputs\baseline_smooth5_a\preprocess\smoothed_fields.npz,run
Je_only,Je,SMOOTH5_MATCH_RADIUS_1_4_7,103,9.621499622464695,smooth5_bootstrap_match_radius,strict_match/match/near,1/4/7,smooth5,D:\easm_project01\foundation\V1\outputs\baseline_smooth5_a\preprocess\smoothed_fields.npz,run
Je_only,Je,SMOOTH5_MATCH_RADIUS_1_4_7,104,10.92200713332977,smooth5_bootstrap_match_radius,strict_match/match/near,1/4/7,smooth5,D:\easm_project01\foundation\V1\outputs\baseline_smooth5_a\preprocess\smoothed_fields.npz,run
Je_only,Je,SMOOTH5_MATCH_RADIUS_1_4_7,105,12.134916573957486,smooth5_bootstrap_match_radius,strict_match/match/near,1/4/7,smooth5,D:\easm_project01\foundation\V1\outputs\baseline_smooth5_a\preprocess\smoothed_fields.npz,run
Je_only,Je,SMOOTH5_MATCH_RADIUS_1_4_7,106,13.31617774011695,smooth5_bootstrap_match_radius,strict_match/match/near,1/4/7,smooth5,D:\easm_project01\foundation\V1\outputs\baseline_smooth5_a\preprocess\smoothed_fields.npz,run
Je_only,Je,SMOOTH5_MATCH_RADIUS_1_4_7,107,14.486311777911466,smooth5_bootstrap_match_radius,strict_match/match/near,1/4/7,smooth5,D:\easm_project01\foundation\V1\outputs\baseline_smooth5_a\preprocess\smoothed_fields.npz,run
Je_only,Je,SMOOTH5_MATCH_RADIUS_1_4_7,108,15.741448184235873,smooth5_bootstrap_match_radius,strict_match/match/near,1/4/7,smooth5,D:\easm_project01\foundation\V1\outputs\baseline_smooth5_a\preprocess\smoothed_fields.npz,run
Je_only,Je,SMOOTH5_MATCH_RADIUS_1_4_7,109,16.99568485379578,smooth5_bootstrap_match_radius,strict_match/match/near,1/4/7,smooth5,D:\easm_project01\foundation\V1\outputs\baseline_smooth5_a\preprocess\smoothed_fields.npz,run
Je_only,Je,SMOOTH5_MATCH_RADIUS_1_4_7,110,17.899509469564443,smooth5_bootstrap_match_radius,strict_match/match/near,1/4/7,smooth5,D:\easm_project01\foundation\V1\outputs\baseline_smooth5_a\preprocess\smoothed_fields.npz,run
Je_only,Je,SMOOTH5_MATCH_RADIUS_1_4_7,111,17.987174088123133,smooth5_bootstrap_match_radius,strict_match/match/near,1/4/7,smooth5,D:\easm_project01\foundation\V1\outputs\baseline_smooth5_a\preprocess\smoothed_fields.npz,run
Je_only,Je,SMOOTH5_MATCH_RADIUS_1_4_7,112,17.51763199896524,smooth5_bootstrap_match_radius,strict_match/match/near,1/4/7,smooth5,D:\easm_project01\foundation\V1\outputs\baseline_smooth5_a\preprocess\smoothed_fields.npz,run
Je_only,Je,SMOOTH5_MATCH_RADIUS_1_4_7,113,16.717181540071785,smooth5_bootstrap_match_radius,strict_match/match/near,1/4/7,smooth5,D:\easm_project01\foundation\V1\outputs\baseline_smooth5_a\preprocess\smoothed_fields.npz,run
Je_only,Je,SMOOTH5_MATCH_RADIUS_1_4_7,114,15.680322045166815,smooth5_bootstrap_match_radius,strict_match/match/near,1/4/7,smooth5,D:\easm_project01\foundation\V1\outputs\baseline_smooth5_a\preprocess\smoothed_fields.npz,run
Je_only,Je,SMOOTH5_MATCH_RADIUS_1_4_7,115,14.454383068049202,smooth5_bootstrap_match_radius,strict_match/match/near,1/4/7,smooth5,D:\easm_project01\foundation\V1\outputs\baseline_smooth5_a\preprocess\smoothed_fields.npz,run
Je_only,Je,SMOOTH5_MATCH_RADIUS_1_4_7,116,12.85097846449828,smooth5_bootstrap_match_radius,strict_match/match/near,1/4/7,smooth5,D:\easm_project01\foundation\V1\outputs\baseline_smooth5_a\preprocess\smoothed_fields.npz,run
Je_only,Je,SMOOTH5_MATCH_RADIUS_1_4_7,117,11.019172620237224,smooth5_bootstrap_match_radius,strict_match/match/near,1/4/7,smooth5,D:\easm_project01\foundation\V1\outputs\baseline_smooth5_a\preprocess\smoothed_fields.npz,run
Je_only,Je,SMOOTH5_MATCH_RADIUS_1_4_7,118,9.020500305462972,smooth5_bootstrap_match_radius,strict_match/match/near,1/4/7,smooth5,D:\easm_project01\foundation\V1\outputs\baseline_smooth5_a\preprocess\smoothed_fields.npz,run
Je_only,Je,SMOOTH5_MATCH_RADIUS_1_4_7,119,6.739331750264738,smooth5_bootstrap_match_radius,strict_match/match/near,1/4/7,smooth5,D:\easm_project01\foundation\V1\outputs\baseline_smooth5_a\preprocess\smoothed_fields.npz,run
Je_only,Je,SMOOTH5_MATCH_RADIUS_1_4_7,120,4.532130315717208,smooth5_bootstrap_match_radius,strict_match/match/near,1/4/7,smooth5,D:\easm_project01\foundation\V1\outputs\baseline_smooth5_a\preprocess\smoothed_fields.npz,run
Je_only,Je,SMOOTH5_MATCH_RADIUS_1_4_7,121,2.676928686198535,smooth5_bootstrap_match_radius,strict_match/match/near,1/4/7,smooth5,D:\easm_project01\foundation\V1\outputs\baseline_smooth5_a\preprocess\smoothed_fields.npz,run
Je_only,Je,SMOOTH5_MATCH_RADIUS_1_4_7,122,1.2561013564821595,smooth5_bootstrap_match_radius,strict_match/match/near,1/4/7,smooth5,D:\easm_project01\foundation\V1\outputs\baseline_smooth5_a\preprocess\smoothed_fields.npz,run
Je_only,Je,SMOOTH5_MATCH_RADIUS_1_4_7,123,0.4850478442802695,smooth5_bootstrap_match_radius,strict_match/match/near,1/4/7,smooth5,D:\easm_project01\foundation\V1\outputs\baseline_smooth5_a\preprocess\smoothed_fields.npz,run
Je_only,Je,SMOOTH5_MATCH_RADIUS_1_4_7,124,0.3466200642631829,smooth5_bootstrap_match_radius,strict_match/match/near,1/4/7,smooth5,D:\easm_project01\foundation\V1\outputs\baseline_smooth5_a\preprocess\smoothed_fields.npz,run
Je_only,Je,SMOOTH5_MATCH_RADIUS_1_4_7,125,0.7405873100607909,smooth5_bootstrap_match_radius,strict_match/match/near,1/4/7,smooth5,D:\easm_project01\foundation\V1\outputs\baseline_smooth5_a\preprocess\smoothed_fields.npz,run
Je_only,Je,SMOOTH5_MATCH_RADIUS_1_4_7,126,1.5496146913915165,smooth5_bootstrap_match_radius,strict_match/match/near,1/4/7,smooth5,D:\easm_project01\foundation\V1\outputs\baseline_smooth5_a\preprocess\smoothed_fields.npz,run
Je_only,Je,SMOOTH5_MATCH_RADIUS_1_4_7,127,2.62065618901853,smooth5_bootstrap_match_radius,strict_match/match/near,1/4/7,smooth5,D:\easm_project01\foundation\V1\outputs\baseline_smooth5_a\preprocess\smoothed_fields.npz,run
Je_only,Je,SMOOTH5_MATCH_RADIUS_1_4_7,128,3.9226362804618002,smooth5_bootstrap_match_radius,strict_match/match/near,1/4/7,smooth5,D:\easm_project01\foundation\V1\outputs\baseline_smooth5_a\preprocess\smoothed_fields.npz,run
Je_only,Je,SMOOTH5_MATCH_RADIUS_1_4_7,129,5.399255080635324,smooth5_bootstrap_match_radius,strict_match/match/near,1/4/7,smooth5,D:\easm_project01\foundation\V1\outputs\baseline_smooth5_a\preprocess\smoothed_fields.npz,run
Je_only,Je,SMOOTH5_MATCH_RADIUS_1_4_7,130,7.176187493471205,smooth5_bootstrap_match_radius,strict_match/match/near,1/4/7,smooth5,D:\easm_project01\foundation\V1\outputs\baseline_smooth5_a\preprocess\smoothed_fields.npz,run
Je_only,Je,SMOOTH5_MATCH_RADIUS_1_4_7,131,9.057476174647228,smooth5_bootstrap_match_radius,strict_match/match/near,1/4/7,smooth5,D:\easm_project01\foundation\V1\outputs\baseline_smooth5_a\preprocess\smoothed_fields.npz,run
Je_only,Je,SMOOTH5_MATCH_RADIUS_1_4_7,132,10.926789935583939,smooth5_bootstrap_match_radius,strict_match/match/near,1/4/7,smooth5,D:\easm_project01\foundation\V1\outputs\baseline_smooth5_a\preprocess\smoothed_fields.npz,run
Je_only,Je,SMOOTH5_MATCH_RADIUS_1_4_7,133,12.67016601529512,smooth5_bootstrap_match_radius,strict_match/match/near,1/4/7,smooth5,D:\easm_project01\foundation\V1\outputs\baseline_smooth5_a\preprocess\smoothed_fields.npz,run
Je_only,Je,SMOOTH5_MATCH_RADIUS_1_4_7,134,14.015552461218242,smooth5_bootstrap_match_radius,strict_match/match/near,1/4/7,smooth5,D:\easm_project01\foundation\V1\outputs\baseline_smooth5_a\preprocess\smoothed_fields.npz,run
Je_only,Je,SMOOTH5_MATCH_RADIUS_1_4_7,135,14.392614005398078,smooth5_bootstrap_match_radius,strict_match/match/near,1/4/7,smooth5,D:\easm_project01\foundation\V1\outputs\baseline_smooth5_a\preprocess\smoothed_fields.npz,run
Je_only,Je,SMOOTH5_MATCH_RADIUS_1_4_7,136,14.250778920123269,smooth5_bootstrap_match_radius,strict_match/match/near,1/4/7,smooth5,D:\easm_project01\foundation\V1\outputs\baseline_smooth5_a\preprocess\smoothed_fields.npz,run
Je_only,Je,SMOOTH5_MATCH_RADIUS_1_4_7,137,13.950400831941348,smooth5_bootstrap_match_radius,strict_match/match/near,1/4/7,smooth5,D:\easm_project01\foundation\V1\outputs\baseline_smooth5_a\preprocess\smoothed_fields.npz,run
Je_only,Je,SMOOTH5_MATCH_RADIUS_1_4_7,138,13.449608263386924,smooth5_bootstrap_match_radius,strict_match/match/near,1/4/7,smooth5,D:\easm_project01\foundation\V1\outputs\baseline_smooth5_a\preprocess\smoothed_fields.npz,run
Je_only,Je,SMOOTH5_MATCH_RADIUS_1_4_7,139,12.975529150088786,smooth5_bootstrap_match_radius,strict_match/match/near,1/4/7,smooth5,D:\easm_project01\foundation\V1\outputs\baseline_smooth5_a\preprocess\smoothed_fields.npz,run
Je_only,Je,SMOOTH5_MATCH_RADIUS_1_4_7,140,12.430783583057336,smooth5_bootstrap_match_radius,strict_match/match/near,1/4/7,smooth5,D:\easm_project01\foundation\V1\outputs\baseline_smooth5_a\preprocess\smoothed_fields.npz,run
Je_only,Je,SMOOTH5_MATCH_RADIUS_1_4_7,141,11.845254716436887,smooth5_bootstrap_match_radius,strict_match/match/near,1/4/7,smooth5,D:\easm_project01\foundation\V1\outputs\baseline_smooth5_a\preprocess\smoothed_fields.npz,run
Je_only,Je,SMOOTH5_MATCH_RADIUS_1_4_7,142,11.309627316881794,smooth5_bootstrap_match_radius,strict_match/match/near,1/4/7,smooth5,D:\easm_project01\foundation\V1\outputs\baseline_smooth5_a\preprocess\smoothed_fields.npz,run
Je_only,Je,SMOOTH5_MATCH_RADIUS_1_4_7,143,10.885651234925305,smooth5_bootstrap_match_radius,strict_match/match/near,1/4/7,smooth5,D:\easm_project01\foundation\V1\outputs\baseline_smooth5_a\preprocess\smoothed_fields.npz,run
Je_only,Je,SMOOTH5_MATCH_RADIUS_1_4_7,144,10.232189823943324,smooth5_bootstrap_match_radius,strict_match/match/near,1/4/7,smooth5,D:\easm_project01\foundation\V1\outputs\baseline_smooth5_a\preprocess\smoothed_fields.npz,run
Je_only,Je,SMOOTH5_MATCH_RADIUS_1_4_7,145,9.300531421375252,smooth5_bootstrap_match_radius,strict_match/match/near,1/4/7,smooth5,D:\easm_project01\foundation\V1\outputs\baseline_smooth5_a\preprocess\smoothed_fields.npz,run
Je_only,Je,SMOOTH5_MATCH_RADIUS_1_4_7,146,7.96516462713541,smooth5_bootstrap_match_radius,strict_match/match/near,1/4/7,smooth5,D:\easm_project01\foundation\V1\outputs\baseline_smooth5_a\preprocess\smoothed_fields.npz,run
Je_only,Je,SMOOTH5_MATCH_RADIUS_1_4_7,147,6.665375181654557,smooth5_bootstrap_match_radius,strict_match/match/near,1/4/7,smooth5,D:\easm_project01\foundation\V1\outputs\baseline_smooth5_a\preprocess\smoothed_fields.npz,run
Je_only,Je,SMOOTH5_MATCH_RADIUS_1_4_7,148,5.564503402825864,smooth5_bootstrap_match_radius,strict_match/match/near,1/4/7,smooth5,D:\easm_project01\foundation\V1\outputs\baseline_smooth5_a\preprocess\smoothed_fields.npz,run
Je_only,Je,SMOOTH5_MATCH_RADIUS_1_4_7,149,4.729029226075807,smooth5_bootstrap_match_radius,strict_match/match/near,1/4/7,smooth5,D:\easm_project01\foundation\V1\outputs\baseline_smooth5_a\preprocess\smoothed_fields.npz,run
Je_only,Je,SMOOTH5_MATCH_RADIUS_1_4_7,150,4.282392928180043,smooth5_bootstrap_match_radius,strict_match/match/near,1/4/7,smooth5,D:\easm_project01\foundation\V1\outputs\baseline_smooth5_a\preprocess\smoothed_fields.npz,run
Je_only,Je,SMOOTH5_MATCH_RADIUS_1_4_7,151,4.303176898887742,smooth5_bootstrap_match_radius,strict_match/match/near,1/4/7,smooth5,D:\easm_project01\foundation\V1\outputs\baseline_smooth5_a\preprocess\smoothed_fields.npz,run
Je_only,Je,SMOOTH5_MATCH_RADIUS_1_4_7,152,4.592900341055252,smooth5_bootstrap_match_radius,strict_match/match/near,1/4/7,smooth5,D:\easm_project01\foundation\V1\outputs\baseline_smooth5_a\preprocess\smoothed_fields.npz,run
Je_only,Je,SMOOTH5_MATCH_RADIUS_1_4_7,153,5.121856972735481,smooth5_bootstrap_match_radius,strict_match/match/near,1/4/7,smooth5,D:\easm_project01\foundation\V1\outputs\baseline_smooth5_a\preprocess\smoothed_fields.npz,run
Je_only,Je,SMOOTH5_MATCH_RADIUS_1_4_7,154,6.1439591366528425,smooth5_bootstrap_match_radius,strict_match/match/near,1/4/7,smooth5,D:\easm_project01\foundation\V1\outputs\baseline_smooth5_a\preprocess\smoothed_fields.npz,run
Je_only,Je,SMOOTH5_MATCH_RADIUS_1_4_7,155,7.820418564806817,smooth5_bootstrap_match_radius,strict_match/match/near,1/4/7,smooth5,D:\easm_project01\foundation\V1\outputs\baseline_smooth5_a\preprocess\smoothed_fields.npz,run
Je_only,Je,SMOOTH5_MATCH_RADIUS_1_4_7,156,10.055844020850573,smooth5_bootstrap_match_radius,strict_match/match/near,1/4/7,smooth5,D:\easm_project01\foundation\V1\outputs\baseline_smooth5_a\preprocess\smoothed_fields.npz,run
Je_only,Je,SMOOTH5_MATCH_RADIUS_1_4_7,157,12.550129304798611,smooth5_bootstrap_match_radius,strict_match/match/near,1/4/7,smooth5,D:\easm_project01\foundation\V1\outputs\baseline_smooth5_a\preprocess\smoothed_fields.npz,run
Je_only,Je,SMOOTH5_MATCH_RADIUS_1_4_7,158,15.301986757044965,smooth5_bootstrap_match_radius,strict_match/match/near,1/4/7,smooth5,D:\easm_project01\foundation\V1\outputs\baseline_smooth5_a\preprocess\smoothed_fields.npz,run
Je_only,Je,SMOOTH5_MATCH_RADIUS_1_4_7,159,17.987139135986364,smooth5_bootstrap_match_radius,strict_match/match/near,1/4/7,smooth5,D:\easm_project01\foundation\V1\outputs\baseline_smooth5_a\preprocess\smoothed_fields.npz,run
Je_only,Je,SMOOTH5_MATCH_RADIUS_1_4_7,160,20.123246465853427,smooth5_bootstrap_match_radius,strict_match/match/near,1/4/7,smooth5,D:\easm_project01\foundation\V1\outputs\baseline_smooth5_a\preprocess\smoothed_fields.npz,run
Je_only,Je,SMOOTH5_MATCH_RADIUS_1_4_7,161,21.347454852615886,smooth5_bootstrap_match_radius,strict_match/match/near,1/4/7,smooth5,D:\easm_project01\foundation\V1\outputs\baseline_smooth5_a\preprocess\smoothed_fields.npz,run
Je_only,Je,SMOOTH5_MATCH_RADIUS_1_4_7,162,21.808144882147957,smooth5_bootstrap_match_radius,strict_match/match/near,1/4/7,smooth5,D:\easm_project01\foundation\V1\outputs\baseline_smooth5_a\preprocess\smoothed_fields.npz,run
Je_only,Je,SMOOTH5_MATCH_RADIUS_1_4_7,163,21.206489989995895,smooth5_bootstrap_match_radius,strict_match/match/near,1/4/7,smooth5,D:\easm_project01\foundation\V1\outputs\baseline_smooth5_a\preprocess\smoothed_fields.npz,run
Je_only,Je,SMOOTH5_MATCH_RADIUS_1_4_7,164,19.33023929835807,smooth5_bootstrap_match_radius,strict_match/match/near,1/4/7,smooth5,D:\easm_project01\foundation\V1\outputs\baseline_smooth5_a\preprocess\smoothed_fields.npz,run
Je_only,Je,SMOOTH5_MATCH_RADIUS_1_4_7,165,16.656360812228655,smooth5_bootstrap_match_radius,strict_match/match/near,1/4/7,smooth5,D:\easm_project01\foundation\V1\outputs\baseline_smooth5_a\preprocess\smoothed_fields.npz,run
Je_only,Je,SMOOTH5_MATCH_RADIUS_1_4_7,166,13.894131974748984,smooth5_bootstrap_match_radius,strict_match/match/near,1/4/7,smooth5,D:\easm_project01\foundation\V1\outputs\baseline_smooth5_a\preprocess\smoothed_fields.npz,run
Je_only,Je,SMOOTH5_MATCH_RADIUS_1_4_7,167,11.500441111678693,smooth5_bootstrap_match_radius,strict_match/match/near,1/4/7,smooth5,D:\easm_project01\foundation\V1\outputs\baseline_smooth5_a\preprocess\smoothed_fields.npz,run
Je_only,Je,SMOOTH5_MATCH_RADIUS_1_4_7,168,9.656504074263696,smooth5_bootstrap_match_radius,strict_match/match/near,1/4/7,smooth5,D:\easm_project01\foundation\V1\outputs\baseline_smooth5_a\preprocess\smoothed_fields.npz,run
Je_only,Je,SMOOTH5_MATCH_RADIUS_1_4_7,169,8.577376322738697,smooth5_bootstrap_match_radius,strict_match/match/near,1/4/7,smooth5,D:\easm_project01\foundation\V1\outputs\baseline_smooth5_a\preprocess\smoothed_fields.npz,run
Je_only,Je,SMOOTH5_MATCH_RADIUS_1_4_7,170,8.0822678299353,smooth5_bootstrap_match_radius,strict_match/match/near,1/4/7,smooth5,D:\easm_project01\foundation\V1\outputs\baseline_smooth5_a\preprocess\smoothed_fields.npz,run
